{
    "format_version": "1.8.0",
    "animations": {
        "animation.patkaiser.walk": {
            "loop": true,
            "animation_length": 1,
            "override_previous_animation": true,
            "bones": {
                "root": {
                    "position": {
                        "0.0": [
                            0,
                            -3,
                            0
                        ],
                        "0.3333": [
                            0,
                            0,
                            0
                        ],
                        "0.5833": [
                            0,
                            -2,
                            0
                        ],
                        "0.8333": [
                            0,
                            -1,
                            0
                        ]
                    }
                },
                "rightLeg": {
                    "rotation": {
                        "0.0": [
                            -24.9748,
                            -2.26607,
                            1.05628
                        ],
                        "0.5": [
                            30.0252,
                            -2.26607,
                            1.05628
                        ],
                        "0.9167": [
                            -24.9748,
                            -2.26607,
                            1.05628
                        ]
                    }
                },
                "rightLegDown": {
                    "rotation": {
                        "0.0": [
                            -17.5,
                            0,
                            0
                        ],
                        "0.25": [
                            -20,
                            0,
                            0
                        ],
                        "0.5": [
                            2.5,
                            0,
                            0
                        ]
                    }
                },
                "lefLeg": {
                    "rotation": {
                        "0.0": [
                            29.96908,
                            2.16549,
                            1.24972
                        ],
                        "0.5": [
                            -30.05152,
                            2.20553,
                            1.76468
                        ],
                        "0.9167": [
                            29.96908,
                            2.16549,
                            1.24972
                        ]
                    }
                },
                "leftLegDown": {
                    "rotation": {
                        "0.0": [
                            -10,
                            0,
                            0
                        ],
                        "0.25": [
                            0,
                            0,
                            0
                        ],
                        "0.5": [
                            -25,
                            0,
                            0
                        ],
                        "0.75": [
                            -35,
                            0,
                            0
                        ],
                        "0.875": [
                            -10,
                            0,
                            0
                        ]
                    }
                },
                "rightArm": {
                    "rotation": [
                        91.7667,
                        -29.01443,
                        97.61211
                    ]
                },
                "rightArmDown": {
                    "rotation": [
                        15.77241,
                        -45.41054,
                        -21.63402
                    ]
                },
                "leftArm": {
                    "rotation": [
                        -109.01557,
                        30.35928,
                        109.00003
                    ]
                },
                "leftArmDown": {
                    "rotation": [
                        0,
                        37.5,
                        0
                    ]
                }
            }
        },
        "animation.patkaiser_walk.idle": {
            "loop": true,
            "animation_length": 1,
            "bones": {}
        },
        "animation.patkaiser_walk.walk": {
            "loop": true,
            "animation_length": 1,
            "bones": {}
        }
    }
}